invoice_id,stock_code,product_category,unit_price,quantity,customer_id,id,first_name,last_name,email,gender
1,HWLNKJW2,Outdoors,9.54,64,12,12,Alvie,Hulls,ahullsb@studiopress.com,M
32,F3PG7J2A,Outdoors,83.80,61,36,36,Morris,Straneo,mstraneoz@rambler.ru,M
33,NUEFXLU0,Outdoors,121.92,66,134,134,Maryann,Mildenhall,mmildenhall3p@washington.edu,F
38,LZSWHOAQ,Outdoors,149.50,55,17,17,Jerrome,Shambrook,jshambrookg@ustream.tv,M
45,TKSC0BBW,Outdoors,33.19,22,131,131,Dwayne,Baumber,dbaumber3m@scribd.com,M
56,ZSISJ09R,Outdoors,68.67,79,145,145,Kristoforo,Alti,kalti40@biblegateway.com,M
58,IW911FLR,Outdoors,43.14,18,67,67,Inglebert,Marzella,imarzella1u@phpbb.com,M
99,JOPDXAQT,Outdoors,146.04,57,189,189,Loraine,Mityushin,lmityushin58@scribd.com,F
107,MXPR15AQ,Outdoors,74.20,70,29,29,Jobey,De'Vere - Hunt,jdeverehunts@sfgate.com,F
119,8KVE7KHD,Outdoors,60.28,5,148,148,Aubrie,Rubinovitch,arubinovitch43@utexas.edu,F
134,J6D8G0S0,Outdoors,139.36,2,138,138,Arabelle,Yoskowitz,ayoskowitz3t@nps.gov,F
184,9T7NR7QF,Outdoors,63.23,34,20,20,Wyndham,Dillistone,wdillistonej@tinypic.com,M
191,T6V4M26A,Outdoors,8.79,13,117,117,Clarisse,Parell,cparell38@newyorker.com,F
205,MJGMGJCA,Outdoors,145.95,23,22,22,Leeanne,Turbefield,lturbefieldl@i2i.jp,F
252,MOASEGOY,Outdoors,118.91,49,127,127,Randie,Litzmann,rlitzmann3i@usatoday.com,F
262,C6WW7MGP,Outdoors,94.38,79,212,212,Regina,Feathersby,rfeathersby5v@is.gd,F
278,94R91HTP,Outdoors,100.50,96,153,153,Ferrell,Barrowcliff,fbarrowcliff48@vimeo.com,M
283,SCE4DO5Y,Outdoors,58.99,68,194,194,Romy,Johnsson,rjohnsson5d@guardian.co.uk,F
290,GJCH9FKZ,Outdoors,42.08,65,222,222,Kylie,Allen,kallen65@sourceforge.net,M
320,5GG7GS1X,Outdoors,10.99,55,127,127,Randie,Litzmann,rlitzmann3i@usatoday.com,F
352,2UDE4PD0,Outdoors,111.51,88,144,144,Adria,Miners,aminers3z@comsenz.com,F
371,DHEJCTKB,Outdoors,108.01,47,130,130,Honor,Sekulla,hsekulla3l@vistaprint.com,F
389,BO0UIGN4,Outdoors,91.52,24,225,225,Diena,Patriche,dpatriche68@alibaba.com,F
434,DEKNI32X,Outdoors,145.27,81,166,166,Heddi,Condliffe,hcondliffe4l@house.gov,F
469,B2ML7ZJ6,Outdoors,12.80,81,149,149,Falito,Volonte,fvolonte44@google.co.jp,M
473,PVLBU7L0,Outdoors,100.74,7,125,125,Carree,MacAiline,cmacailine3g@telegraph.co.uk,F
500,P3V3QQMR,Outdoors,74.92,30,43,43,Dynah,Petchey,dpetchey16@prnewswire.com,F
544,49H2JCJD,Outdoors,110.28,3,168,168,Hort,Arnold,harnold4n@google.co.uk,M
566,OITO4QQB,Outdoors,51.10,54,188,188,Nadiya,Eldredge,neldredge57@bloomberg.com,F
601,D5VLJGRQ,Outdoors,40.11,22,57,57,Tedda,Bounde,tbounde1k@example.com,F
640,76WR36MX,Outdoors,18.62,63,16,16,Donetta,Dantesia,ddantesiaf@meetup.com,F
643,69JXQSCX,Outdoors,64.36,78,102,102,Penelopa,Barnsdall,pbarnsdall2t@msu.edu,F
644,PLNK26X9,Outdoors,106.33,38,16,16,Donetta,Dantesia,ddantesiaf@meetup.com,F
667,RBS11O8R,Outdoors,38.36,95,179,179,Annalee,Spriddle,aspriddle4y@ox.ac.uk,F
681,9SHY3PDY,Outdoors,51.53,63,214,214,Barbey,Thorns,bthorns5x@amazon.com,F
684,UMJ0ZQET,Outdoors,98.57,82,36,36,Morris,Straneo,mstraneoz@rambler.ru,M
685,EQFYIBDS,Outdoors,96.58,65,110,110,Georges,Sinfield,gsinfield31@about.me,M
692,DMPW09BQ,Outdoors,143.67,52,244,244,Colby,Pinnijar,cpinnijar6r@facebook.com,M
701,GZQT9661,Outdoors,34.23,32,3,3,Kiele,McQuaker,kmcquaker2@ca.gov,F
805,TPOFMPXW,Outdoors,48.24,58,27,27,Olag,Kindread,okindreadq@statcounter.com,M
809,917T46K5,Outdoors,143.85,30,66,66,Gib,Spearman,gspearman1t@hostgator.com,M
818,MES9U06N,Outdoors,146.77,2,77,77,Drusy,Dalbey,ddalbey24@ebay.co.uk,F
828,7T9H2DAB,Outdoors,107.01,89,43,43,Dynah,Petchey,dpetchey16@prnewswire.com,F
939,DKMUBBT2,Outdoors,105.65,50,150,150,Barthel,Isaak,bisaak45@freewebs.com,M
990,YGIGZR3B,Outdoors,126.61,18,124,124,Jedidiah,Duinkerk,jduinkerk3f@bing.com,M
1001,HWLNKJW2,Outdoors,9.54,64,12,12,Alvie,Hulls,ahullsb@studiopress.com,M
1032,F3PG7J2A,Outdoors,83.80,61,36,36,Morris,Straneo,mstraneoz@rambler.ru,M
1033,NUEFXLU0,Outdoors,121.92,66,134,134,Maryann,Mildenhall,mmildenhall3p@washington.edu,F
1038,LZSWHOAQ,Outdoors,149.50,55,17,17,Jerrome,Shambrook,jshambrookg@ustream.tv,M
1045,TKSC0BBW,Outdoors,33.19,22,131,131,Dwayne,Baumber,dbaumber3m@scribd.com,M
1056,ZSISJ09R,Outdoors,68.67,79,145,145,Kristoforo,Alti,kalti40@biblegateway.com,M
1058,IW911FLR,Outdoors,43.14,18,67,67,Inglebert,Marzella,imarzella1u@phpbb.com,M
1099,JOPDXAQT,Outdoors,146.04,57,189,189,Loraine,Mityushin,lmityushin58@scribd.com,F
1107,MXPR15AQ,Outdoors,74.20,70,29,29,Jobey,De'Vere - Hunt,jdeverehunts@sfgate.com,F
1119,8KVE7KHD,Outdoors,60.28,5,148,148,Aubrie,Rubinovitch,arubinovitch43@utexas.edu,F
1134,J6D8G0S0,Outdoors,139.36,2,138,138,Arabelle,Yoskowitz,ayoskowitz3t@nps.gov,F
1184,9T7NR7QF,Outdoors,63.23,34,20,20,Wyndham,Dillistone,wdillistonej@tinypic.com,M
1191,T6V4M26A,Outdoors,8.79,13,117,117,Clarisse,Parell,cparell38@newyorker.com,F
1205,MJGMGJCA,Outdoors,145.95,23,22,22,Leeanne,Turbefield,lturbefieldl@i2i.jp,F
1252,MOASEGOY,Outdoors,118.91,49,127,127,Randie,Litzmann,rlitzmann3i@usatoday.com,F
1262,C6WW7MGP,Outdoors,94.38,79,212,212,Regina,Feathersby,rfeathersby5v@is.gd,F
1278,94R91HTP,Outdoors,100.50,96,153,153,Ferrell,Barrowcliff,fbarrowcliff48@vimeo.com,M
1283,SCE4DO5Y,Outdoors,58.99,68,194,194,Romy,Johnsson,rjohnsson5d@guardian.co.uk,F
1290,GJCH9FKZ,Outdoors,42.08,65,222,222,Kylie,Allen,kallen65@sourceforge.net,M
1320,5GG7GS1X,Outdoors,10.99,55,127,127,Randie,Litzmann,rlitzmann3i@usatoday.com,F
1352,2UDE4PD0,Outdoors,111.51,88,144,144,Adria,Miners,aminers3z@comsenz.com,F
1371,DHEJCTKB,Outdoors,108.01,47,130,130,Honor,Sekulla,hsekulla3l@vistaprint.com,F
1389,BO0UIGN4,Outdoors,91.52,24,225,225,Diena,Patriche,dpatriche68@alibaba.com,F
1434,DEKNI32X,Outdoors,145.27,81,166,166,Heddi,Condliffe,hcondliffe4l@house.gov,F
1469,B2ML7ZJ6,Outdoors,12.80,81,149,149,Falito,Volonte,fvolonte44@google.co.jp,M
1473,PVLBU7L0,Outdoors,100.74,7,125,125,Carree,MacAiline,cmacailine3g@telegraph.co.uk,F
1500,P3V3QQMR,Outdoors,74.92,30,43,43,Dynah,Petchey,dpetchey16@prnewswire.com,F
1544,49H2JCJD,Outdoors,110.28,3,168,168,Hort,Arnold,harnold4n@google.co.uk,M
1566,OITO4QQB,Outdoors,51.10,54,188,188,Nadiya,Eldredge,neldredge57@bloomberg.com,F
1601,D5VLJGRQ,Outdoors,40.11,22,57,57,Tedda,Bounde,tbounde1k@example.com,F
1640,76WR36MX,Outdoors,18.62,63,16,16,Donetta,Dantesia,ddantesiaf@meetup.com,F
1643,69JXQSCX,Outdoors,64.36,78,102,102,Penelopa,Barnsdall,pbarnsdall2t@msu.edu,F
1644,PLNK26X9,Outdoors,106.33,38,16,16,Donetta,Dantesia,ddantesiaf@meetup.com,F
1667,RBS11O8R,Outdoors,38.36,95,179,179,Annalee,Spriddle,aspriddle4y@ox.ac.uk,F
1681,9SHY3PDY,Outdoors,51.53,63,214,214,Barbey,Thorns,bthorns5x@amazon.com,F
1684,UMJ0ZQET,Outdoors,98.57,82,36,36,Morris,Straneo,mstraneoz@rambler.ru,M
1685,EQFYIBDS,Outdoors,96.58,65,110,110,Georges,Sinfield,gsinfield31@about.me,M
1692,DMPW09BQ,Outdoors,143.67,52,244,244,Colby,Pinnijar,cpinnijar6r@facebook.com,M
1701,GZQT9661,Outdoors,34.23,32,3,3,Kiele,McQuaker,kmcquaker2@ca.gov,F
1805,TPOFMPXW,Outdoors,48.24,58,27,27,Olag,Kindread,okindreadq@statcounter.com,M
1809,917T46K5,Outdoors,143.85,30,66,66,Gib,Spearman,gspearman1t@hostgator.com,M
1818,MES9U06N,Outdoors,146.77,2,77,77,Drusy,Dalbey,ddalbey24@ebay.co.uk,F
1828,7T9H2DAB,Outdoors,107.01,89,43,43,Dynah,Petchey,dpetchey16@prnewswire.com,F
1939,DKMUBBT2,Outdoors,105.65,50,150,150,Barthel,Isaak,bisaak45@freewebs.com,M
1990,YGIGZR3B,Outdoors,126.61,18,124,124,Jedidiah,Duinkerk,jduinkerk3f@bing.com,M
2001,HWLNKJW2,Outdoors,9.54,64,12,12,Alvie,Hulls,ahullsb@studiopress.com,M
2032,F3PG7J2A,Outdoors,83.80,61,36,36,Morris,Straneo,mstraneoz@rambler.ru,M
2033,NUEFXLU0,Outdoors,121.92,66,134,134,Maryann,Mildenhall,mmildenhall3p@washington.edu,F
2038,LZSWHOAQ,Outdoors,149.50,55,17,17,Jerrome,Shambrook,jshambrookg@ustream.tv,M
2045,TKSC0BBW,Outdoors,33.19,22,131,131,Dwayne,Baumber,dbaumber3m@scribd.com,M
2056,ZSISJ09R,Outdoors,68.67,79,145,145,Kristoforo,Alti,kalti40@biblegateway.com,M
2058,IW911FLR,Outdoors,43.14,18,67,67,Inglebert,Marzella,imarzella1u@phpbb.com,M
2099,JOPDXAQT,Outdoors,146.04,57,189,189,Loraine,Mityushin,lmityushin58@scribd.com,F
2107,MXPR15AQ,Outdoors,74.20,70,29,29,Jobey,De'Vere - Hunt,jdeverehunts@sfgate.com,F
2119,8KVE7KHD,Outdoors,60.28,5,148,148,Aubrie,Rubinovitch,arubinovitch43@utexas.edu,F
2134,J6D8G0S0,Outdoors,139.36,2,138,138,Arabelle,Yoskowitz,ayoskowitz3t@nps.gov,F
2184,9T7NR7QF,Outdoors,63.23,34,20,20,Wyndham,Dillistone,wdillistonej@tinypic.com,M
2191,T6V4M26A,Outdoors,8.79,13,117,117,Clarisse,Parell,cparell38@newyorker.com,F
2205,MJGMGJCA,Outdoors,145.95,23,22,22,Leeanne,Turbefield,lturbefieldl@i2i.jp,F
2252,MOASEGOY,Outdoors,118.91,49,127,127,Randie,Litzmann,rlitzmann3i@usatoday.com,F
2262,C6WW7MGP,Outdoors,94.38,79,212,212,Regina,Feathersby,rfeathersby5v@is.gd,F
2278,94R91HTP,Outdoors,100.50,96,153,153,Ferrell,Barrowcliff,fbarrowcliff48@vimeo.com,M
2283,SCE4DO5Y,Outdoors,58.99,68,194,194,Romy,Johnsson,rjohnsson5d@guardian.co.uk,F
2290,GJCH9FKZ,Outdoors,42.08,65,222,222,Kylie,Allen,kallen65@sourceforge.net,M
2320,5GG7GS1X,Outdoors,10.99,55,127,127,Randie,Litzmann,rlitzmann3i@usatoday.com,F
2352,2UDE4PD0,Outdoors,111.51,88,144,144,Adria,Miners,aminers3z@comsenz.com,F
2371,DHEJCTKB,Outdoors,108.01,47,130,130,Honor,Sekulla,hsekulla3l@vistaprint.com,F
2389,BO0UIGN4,Outdoors,91.52,24,225,225,Diena,Patriche,dpatriche68@alibaba.com,F
2434,DEKNI32X,Outdoors,145.27,81,166,166,Heddi,Condliffe,hcondliffe4l@house.gov,F
2469,B2ML7ZJ6,Outdoors,12.80,81,149,149,Falito,Volonte,fvolonte44@google.co.jp,M
2473,PVLBU7L0,Outdoors,100.74,7,125,125,Carree,MacAiline,cmacailine3g@telegraph.co.uk,F
2500,P3V3QQMR,Outdoors,74.92,30,43,43,Dynah,Petchey,dpetchey16@prnewswire.com,F
2544,49H2JCJD,Outdoors,110.28,3,168,168,Hort,Arnold,harnold4n@google.co.uk,M
2566,OITO4QQB,Outdoors,51.10,54,188,188,Nadiya,Eldredge,neldredge57@bloomberg.com,F
2601,D5VLJGRQ,Outdoors,40.11,22,57,57,Tedda,Bounde,tbounde1k@example.com,F
2640,76WR36MX,Outdoors,18.62,63,16,16,Donetta,Dantesia,ddantesiaf@meetup.com,F
2643,69JXQSCX,Outdoors,64.36,78,102,102,Penelopa,Barnsdall,pbarnsdall2t@msu.edu,F
2644,PLNK26X9,Outdoors,106.33,38,16,16,Donetta,Dantesia,ddantesiaf@meetup.com,F
2667,RBS11O8R,Outdoors,38.36,95,179,179,Annalee,Spriddle,aspriddle4y@ox.ac.uk,F
2681,9SHY3PDY,Outdoors,51.53,63,214,214,Barbey,Thorns,bthorns5x@amazon.com,F
2684,UMJ0ZQET,Outdoors,98.57,82,36,36,Morris,Straneo,mstraneoz@rambler.ru,M
2685,EQFYIBDS,Outdoors,96.58,65,110,110,Georges,Sinfield,gsinfield31@about.me,M
2692,DMPW09BQ,Outdoors,143.67,52,244,244,Colby,Pinnijar,cpinnijar6r@facebook.com,M
2701,GZQT9661,Outdoors,34.23,32,3,3,Kiele,McQuaker,kmcquaker2@ca.gov,F
2805,TPOFMPXW,Outdoors,48.24,58,27,27,Olag,Kindread,okindreadq@statcounter.com,M
2809,917T46K5,Outdoors,143.85,30,66,66,Gib,Spearman,gspearman1t@hostgator.com,M
2818,MES9U06N,Outdoors,146.77,2,77,77,Drusy,Dalbey,ddalbey24@ebay.co.uk,F
2828,7T9H2DAB,Outdoors,107.01,89,43,43,Dynah,Petchey,dpetchey16@prnewswire.com,F
2939,DKMUBBT2,Outdoors,105.65,50,150,150,Barthel,Isaak,bisaak45@freewebs.com,M
2990,YGIGZR3B,Outdoors,126.61,18,124,124,Jedidiah,Duinkerk,jduinkerk3f@bing.com,M
3001,HWLNKJW2,Outdoors,9.54,64,12,12,Alvie,Hulls,ahullsb@studiopress.com,M
3032,F3PG7J2A,Outdoors,83.80,61,36,36,Morris,Straneo,mstraneoz@rambler.ru,M
3033,NUEFXLU0,Outdoors,121.92,66,134,134,Maryann,Mildenhall,mmildenhall3p@washington.edu,F
3038,LZSWHOAQ,Outdoors,149.50,55,17,17,Jerrome,Shambrook,jshambrookg@ustream.tv,M
3045,TKSC0BBW,Outdoors,33.19,22,131,131,Dwayne,Baumber,dbaumber3m@scribd.com,M
3056,ZSISJ09R,Outdoors,68.67,79,145,145,Kristoforo,Alti,kalti40@biblegateway.com,M
3058,IW911FLR,Outdoors,43.14,18,67,67,Inglebert,Marzella,imarzella1u@phpbb.com,M
3099,JOPDXAQT,Outdoors,146.04,57,189,189,Loraine,Mityushin,lmityushin58@scribd.com,F
3107,MXPR15AQ,Outdoors,74.20,70,29,29,Jobey,De'Vere - Hunt,jdeverehunts@sfgate.com,F
3119,8KVE7KHD,Outdoors,60.28,5,148,148,Aubrie,Rubinovitch,arubinovitch43@utexas.edu,F
3134,J6D8G0S0,Outdoors,139.36,2,138,138,Arabelle,Yoskowitz,ayoskowitz3t@nps.gov,F
3184,9T7NR7QF,Outdoors,63.23,34,20,20,Wyndham,Dillistone,wdillistonej@tinypic.com,M
3191,T6V4M26A,Outdoors,8.79,13,117,117,Clarisse,Parell,cparell38@newyorker.com,F
3205,MJGMGJCA,Outdoors,145.95,23,22,22,Leeanne,Turbefield,lturbefieldl@i2i.jp,F
3252,MOASEGOY,Outdoors,118.91,49,127,127,Randie,Litzmann,rlitzmann3i@usatoday.com,F
3262,C6WW7MGP,Outdoors,94.38,79,212,212,Regina,Feathersby,rfeathersby5v@is.gd,F
3278,94R91HTP,Outdoors,100.50,96,153,153,Ferrell,Barrowcliff,fbarrowcliff48@vimeo.com,M
3283,SCE4DO5Y,Outdoors,58.99,68,194,194,Romy,Johnsson,rjohnsson5d@guardian.co.uk,F
3290,GJCH9FKZ,Outdoors,42.08,65,222,222,Kylie,Allen,kallen65@sourceforge.net,M
3320,5GG7GS1X,Outdoors,10.99,55,127,127,Randie,Litzmann,rlitzmann3i@usatoday.com,F
3352,2UDE4PD0,Outdoors,111.51,88,144,144,Adria,Miners,aminers3z@comsenz.com,F
3371,DHEJCTKB,Outdoors,108.01,47,130,130,Honor,Sekulla,hsekulla3l@vistaprint.com,F
3389,BO0UIGN4,Outdoors,91.52,24,225,225,Diena,Patriche,dpatriche68@alibaba.com,F
3434,DEKNI32X,Outdoors,145.27,81,166,166,Heddi,Condliffe,hcondliffe4l@house.gov,F
3469,B2ML7ZJ6,Outdoors,12.80,81,149,149,Falito,Volonte,fvolonte44@google.co.jp,M
3473,PVLBU7L0,Outdoors,100.74,7,125,125,Carree,MacAiline,cmacailine3g@telegraph.co.uk,F
3500,P3V3QQMR,Outdoors,74.92,30,43,43,Dynah,Petchey,dpetchey16@prnewswire.com,F
3544,49H2JCJD,Outdoors,110.28,3,168,168,Hort,Arnold,harnold4n@google.co.uk,M
3566,OITO4QQB,Outdoors,51.10,54,188,188,Nadiya,Eldredge,neldredge57@bloomberg.com,F
3601,D5VLJGRQ,Outdoors,40.11,22,57,57,Tedda,Bounde,tbounde1k@example.com,F
3640,76WR36MX,Outdoors,18.62,63,16,16,Donetta,Dantesia,ddantesiaf@meetup.com,F
3643,69JXQSCX,Outdoors,64.36,78,102,102,Penelopa,Barnsdall,pbarnsdall2t@msu.edu,F
3644,PLNK26X9,Outdoors,106.33,38,16,16,Donetta,Dantesia,ddantesiaf@meetup.com,F
3667,RBS11O8R,Outdoors,38.36,95,179,179,Annalee,Spriddle,aspriddle4y@ox.ac.uk,F
3681,9SHY3PDY,Outdoors,51.53,63,214,214,Barbey,Thorns,bthorns5x@amazon.com,F
3684,UMJ0ZQET,Outdoors,98.57,82,36,36,Morris,Straneo,mstraneoz@rambler.ru,M
3685,EQFYIBDS,Outdoors,96.58,65,110,110,Georges,Sinfield,gsinfield31@about.me,M
3692,DMPW09BQ,Outdoors,143.67,52,244,244,Colby,Pinnijar,cpinnijar6r@facebook.com,M
3701,GZQT9661,Outdoors,34.23,32,3,3,Kiele,McQuaker,kmcquaker2@ca.gov,F
3805,TPOFMPXW,Outdoors,48.24,58,27,27,Olag,Kindread,okindreadq@statcounter.com,M
3809,917T46K5,Outdoors,143.85,30,66,66,Gib,Spearman,gspearman1t@hostgator.com,M
3818,MES9U06N,Outdoors,146.77,2,77,77,Drusy,Dalbey,ddalbey24@ebay.co.uk,F
3828,7T9H2DAB,Outdoors,107.01,89,43,43,Dynah,Petchey,dpetchey16@prnewswire.com,F
3939,DKMUBBT2,Outdoors,105.65,50,150,150,Barthel,Isaak,bisaak45@freewebs.com,M
3990,YGIGZR3B,Outdoors,126.61,18,124,124,Jedidiah,Duinkerk,jduinkerk3f@bing.com,M
4001,HWLNKJW2,Outdoors,9.54,64,12,12,Alvie,Hulls,ahullsb@studiopress.com,M
4032,F3PG7J2A,Outdoors,83.80,61,36,36,Morris,Straneo,mstraneoz@rambler.ru,M
4033,NUEFXLU0,Outdoors,121.92,66,134,134,Maryann,Mildenhall,mmildenhall3p@washington.edu,F
4038,LZSWHOAQ,Outdoors,149.50,55,17,17,Jerrome,Shambrook,jshambrookg@ustream.tv,M
4045,TKSC0BBW,Outdoors,33.19,22,131,131,Dwayne,Baumber,dbaumber3m@scribd.com,M
4056,ZSISJ09R,Outdoors,68.67,79,145,145,Kristoforo,Alti,kalti40@biblegateway.com,M
4058,IW911FLR,Outdoors,43.14,18,67,67,Inglebert,Marzella,imarzella1u@phpbb.com,M
4099,JOPDXAQT,Outdoors,146.04,57,189,189,Loraine,Mityushin,lmityushin58@scribd.com,F
4107,MXPR15AQ,Outdoors,74.20,70,29,29,Jobey,De'Vere - Hunt,jdeverehunts@sfgate.com,F
4119,8KVE7KHD,Outdoors,60.28,5,148,148,Aubrie,Rubinovitch,arubinovitch43@utexas.edu,F
4134,J6D8G0S0,Outdoors,139.36,2,138,138,Arabelle,Yoskowitz,ayoskowitz3t@nps.gov,F
4184,9T7NR7QF,Outdoors,63.23,34,20,20,Wyndham,Dillistone,wdillistonej@tinypic.com,M
4191,T6V4M26A,Outdoors,8.79,13,117,117,Clarisse,Parell,cparell38@newyorker.com,F
4205,MJGMGJCA,Outdoors,145.95,23,22,22,Leeanne,Turbefield,lturbefieldl@i2i.jp,F
4252,MOASEGOY,Outdoors,118.91,49,127,127,Randie,Litzmann,rlitzmann3i@usatoday.com,F
4262,C6WW7MGP,Outdoors,94.38,79,212,212,Regina,Feathersby,rfeathersby5v@is.gd,F
4278,94R91HTP,Outdoors,100.50,96,153,153,Ferrell,Barrowcliff,fbarrowcliff48@vimeo.com,M
4283,SCE4DO5Y,Outdoors,58.99,68,194,194,Romy,Johnsson,rjohnsson5d@guardian.co.uk,F
4290,GJCH9FKZ,Outdoors,42.08,65,222,222,Kylie,Allen,kallen65@sourceforge.net,M
4320,5GG7GS1X,Outdoors,10.99,55,127,127,Randie,Litzmann,rlitzmann3i@usatoday.com,F
4352,2UDE4PD0,Outdoors,111.51,88,144,144,Adria,Miners,aminers3z@comsenz.com,F
4371,DHEJCTKB,Outdoors,108.01,47,130,130,Honor,Sekulla,hsekulla3l@vistaprint.com,F
4389,BO0UIGN4,Outdoors,91.52,24,225,225,Diena,Patriche,dpatriche68@alibaba.com,F
4434,DEKNI32X,Outdoors,145.27,81,166,166,Heddi,Condliffe,hcondliffe4l@house.gov,F
4469,B2ML7ZJ6,Outdoors,12.80,81,149,149,Falito,Volonte,fvolonte44@google.co.jp,M
4473,PVLBU7L0,Outdoors,100.74,7,125,125,Carree,MacAiline,cmacailine3g@telegraph.co.uk,F
4500,P3V3QQMR,Outdoors,74.92,30,43,43,Dynah,Petchey,dpetchey16@prnewswire.com,F
4544,49H2JCJD,Outdoors,110.28,3,168,168,Hort,Arnold,harnold4n@google.co.uk,M
4566,OITO4QQB,Outdoors,51.10,54,188,188,Nadiya,Eldredge,neldredge57@bloomberg.com,F
4601,D5VLJGRQ,Outdoors,40.11,22,57,57,Tedda,Bounde,tbounde1k@example.com,F
4640,76WR36MX,Outdoors,18.62,63,16,16,Donetta,Dantesia,ddantesiaf@meetup.com,F
4643,69JXQSCX,Outdoors,64.36,78,102,102,Penelopa,Barnsdall,pbarnsdall2t@msu.edu,F
4644,PLNK26X9,Outdoors,106.33,38,16,16,Donetta,Dantesia,ddantesiaf@meetup.com,F
4667,RBS11O8R,Outdoors,38.36,95,179,179,Annalee,Spriddle,aspriddle4y@ox.ac.uk,F
4681,9SHY3PDY,Outdoors,51.53,63,214,214,Barbey,Thorns,bthorns5x@amazon.com,F
4684,UMJ0ZQET,Outdoors,98.57,82,36,36,Morris,Straneo,mstraneoz@rambler.ru,M
4685,EQFYIBDS,Outdoors,96.58,65,110,110,Georges,Sinfield,gsinfield31@about.me,M
4692,DMPW09BQ,Outdoors,143.67,52,244,244,Colby,Pinnijar,cpinnijar6r@facebook.com,M
4701,GZQT9661,Outdoors,34.23,32,3,3,Kiele,McQuaker,kmcquaker2@ca.gov,F
4805,TPOFMPXW,Outdoors,48.24,58,27,27,Olag,Kindread,okindreadq@statcounter.com,M
4809,917T46K5,Outdoors,143.85,30,66,66,Gib,Spearman,gspearman1t@hostgator.com,M
4818,MES9U06N,Outdoors,146.77,2,77,77,Drusy,Dalbey,ddalbey24@ebay.co.uk,F
4828,7T9H2DAB,Outdoors,107.01,89,43,43,Dynah,Petchey,dpetchey16@prnewswire.com,F
4939,DKMUBBT2,Outdoors,105.65,50,150,150,Barthel,Isaak,bisaak45@freewebs.com,M
4990,YGIGZR3B,Outdoors,126.61,18,124,124,Jedidiah,Duinkerk,jduinkerk3f@bing.com,M
